,x,y,type
0,-47.99103,-7.8590827,disadvantaged user
1,-37.74497,-15.773064,disadvantaged user
2,-42.897823,34.00195,disadvantaged user
3,-53.490395,-7.2483506,disadvantaged user
4,-48.530712,-8.342385,disadvantaged user
5,78.647224,21.033613,disadvantaged user
6,23.850843,-10.762423,disadvantaged user
7,-47.910168,-14.106853,disadvantaged user
8,0.39384064,4.9749584,disadvantaged user
9,-27.50142,-20.885675,disadvantaged user
10,13.808114,-1.6772522,disadvantaged user
11,-10.275916,-1.3132696,disadvantaged user
12,-62.108944,25.026018,disadvantaged user
13,-19.177082,0.046387274,disadvantaged user
14,-18.325962,-13.810051,disadvantaged user
15,30.286509,-14.929404,disadvantaged user
16,-8.243599,-55.744984,disadvantaged user
17,-37.820297,-14.949545,disadvantaged user
18,6.382168,5.0093675,disadvantaged user
19,-39.312138,28.93643,disadvantaged user
20,41.547153,-17.020779,disadvantaged user
21,-9.49448,-59.38826,disadvantaged user
22,-0.69535697,-3.4860501,disadvantaged user
23,80.626526,14.227451,disadvantaged user
24,4.6744704,0.5927386,disadvantaged user
25,18.193523,12.031447,disadvantaged user
26,33.403774,-10.7404585,disadvantaged user
27,-45.781944,8.638014,disadvantaged user
28,-9.085249,14.335369,disadvantaged user
29,22.160421,-1.6558821,disadvantaged user
30,-28.361488,27.015144,disadvantaged user
31,61.129303,36.602913,disadvantaged user
32,-67.79115,16.054472,disadvantaged user
33,69.1041,27.66659,disadvantaged user
34,77.83757,2.3179758,disadvantaged user
35,-62.876465,26.409172,disadvantaged user
36,82.01463,-2.1756413,disadvantaged user
37,75.65923,17.036694,disadvantaged user
38,76.87967,-6.8534927,disadvantaged user
39,-33.18252,-7.467607,disadvantaged user
40,-59.544437,-8.0708685,disadvantaged user
41,-9.084625,-59.371407,disadvantaged user
42,-5.5972524,-6.5856857,disadvantaged user
43,0.8908901,-28.72676,disadvantaged user
44,26.9172,-18.96046,disadvantaged user
45,-23.028545,-28.521921,disadvantaged user
46,-11.123301,-57.378666,disadvantaged user
47,82.90429,-1.3120273,disadvantaged user
48,72.50575,-5.747101,disadvantaged user
49,81.469604,-3.790667,disadvantaged user
50,25.181082,-20.507942,disadvantaged user
51,78.396545,2.1354322,disadvantaged user
52,40.31184,-26.010788,disadvantaged user
53,68.18693,32.880135,disadvantaged user
54,-9.735958,-55.951214,disadvantaged user
55,-35.25724,-8.639574,disadvantaged user
56,25.01853,1.8587362,disadvantaged user
57,-56.09497,21.506874,disadvantaged user
58,38.284504,-14.106694,disadvantaged user
59,79.91331,3.6589983,disadvantaged user
60,56.693024,-21.4824,disadvantaged user
61,53.679634,-21.509817,disadvantaged user
62,-20.743803,-24.941536,disadvantaged user
63,50.888115,-24.246992,disadvantaged user
64,75.60146,24.833471,disadvantaged user
65,-16.27819,-13.229395,disadvantaged user
66,-59.246235,-3.5517862,disadvantaged user
67,1.4815451,-22.928154,disadvantaged user
68,-66.600006,-0.4754486,disadvantaged user
69,-37.484386,-5.4916,disadvantaged user
70,44.660564,-8.410134,disadvantaged user
71,-58.149754,22.938078,disadvantaged user
72,-56.322784,41.712414,disadvantaged user
73,6.051128,21.021742,disadvantaged user
74,-30.318773,-7.6150336,disadvantaged user
75,5.220135,-11.504385,disadvantaged user
76,1.6378434,12.211901,disadvantaged user
77,30.207733,-8.242939,disadvantaged user
78,-13.7787075,13.182004,disadvantaged user
79,-31.981884,18.32747,disadvantaged user
80,-40.891903,-7.423139,disadvantaged user
81,-12.674613,59.52818,disadvantaged user
82,-17.520327,-37.122883,disadvantaged user
83,-54.32292,-6.2310643,disadvantaged user
84,44.972446,-8.590372,disadvantaged user
85,-26.560837,-21.370466,disadvantaged user
86,41.7434,-28.904558,disadvantaged user
87,1.7484735,-43.658566,disadvantaged user
88,-56.974957,27.53965,disadvantaged user
89,-37.11837,2.4121664,disadvantaged user
90,76.22041,20.648514,disadvantaged user
91,-24.838375,-18.218002,disadvantaged user
92,8.251999,-6.284589,disadvantaged user
93,-11.831,-22.582092,disadvantaged user
94,-30.485262,62.117134,disadvantaged user
95,18.500698,-16.859898,disadvantaged user
96,-1.4544106,-4.08141,disadvantaged user
97,-30.262842,6.885735,disadvantaged user
98,-72.89578,24.515396,disadvantaged user
99,-55.20768,-11.840382,disadvantaged user
100,20.603746,-3.408675,disadvantaged user
101,-76.82494,12.987085,disadvantaged user
102,3.4046433,70.31169,disadvantaged user
103,-11.834553,-8.646788,disadvantaged user
104,79.3687,-3.1384134,disadvantaged user
105,-13.276381,11.624687,disadvantaged user
106,14.4068365,-14.352262,disadvantaged user
107,24.449509,7.586017,disadvantaged user
108,71.365234,-0.13750541,disadvantaged user
109,-4.9241805,-59.751453,disadvantaged user
110,-2.9451497,16.755527,disadvantaged user
111,38.284504,-14.106694,disadvantaged user
112,-49.186478,30.81754,disadvantaged user
113,-66.451706,13.248506,disadvantaged user
114,-54.06183,5.2147913,disadvantaged user
115,-34.264194,-6.6183605,disadvantaged user
116,76.634315,25.029898,disadvantaged user
117,-67.63004,9.326259,disadvantaged user
118,17.011913,2.1134534,disadvantaged user
119,-8.990721,-40.872948,disadvantaged user
120,-31.890427,-7.352846,disadvantaged user
121,-43.92263,32.16921,disadvantaged user
122,-14.182825,-6.4769535,disadvantaged user
123,-5.5791054,-50.15345,disadvantaged user
124,-53.28488,18.554234,disadvantaged user
125,-50.64861,10.884278,disadvantaged user
126,42.858616,-23.322187,disadvantaged user
127,-26.149366,14.83092,disadvantaged user
128,78.39338,20.129251,disadvantaged user
129,-18.790012,-13.505939,disadvantaged user
130,-37.2074,4.969955,disadvantaged user
131,9.276557,-14.4574795,disadvantaged user
132,73.819534,-8.1731615,disadvantaged user
133,-38.66211,-16.388456,disadvantaged user
134,60.942944,-18.233206,disadvantaged user
135,-41.420864,31.112757,disadvantaged user
136,38.22643,-6.258844,disadvantaged user
137,-34.67805,15.766687,disadvantaged user
138,-6.9568343,-28.20539,disadvantaged user
139,22.215937,5.979581,disadvantaged user
140,78.00598,-2.111974,disadvantaged user
141,-25.23294,-4.489112,disadvantaged user
142,-58.69493,36.295357,disadvantaged user
143,-5.5996823,2.2301173,disadvantaged user
144,25.86086,-16.590004,disadvantaged user
145,-32.306664,29.298645,disadvantaged user
146,-51.044613,32.239853,disadvantaged user
147,8.938439,-36.69489,disadvantaged user
148,44.008183,-19.010567,disadvantaged user
149,-43.043163,21.845915,disadvantaged user
150,6.212127,70.7828,disadvantaged user
151,-16.946796,6.120039,disadvantaged user
152,64.589264,33.622055,disadvantaged user
153,-32.634415,-11.422805,disadvantaged user
154,-59.91761,30.344152,disadvantaged user
155,52.314587,-27.32353,disadvantaged user
156,-39.029766,-21.812092,disadvantaged user
157,75.158875,-10.011946,disadvantaged user
158,-2.9686108,-53.430187,disadvantaged user
159,70.55885,-10.39724,disadvantaged user
160,7.1976576,11.772258,disadvantaged user
161,69.179276,34.17732,disadvantaged user
162,-22.596834,-2.4194803,disadvantaged user
163,-11.446173,25.813868,disadvantaged user
164,1.3929961,9.5706835,disadvantaged user
165,-22.022898,23.494944,disadvantaged user
166,45.128788,-16.411346,disadvantaged user
167,2.5479143,-30.35039,disadvantaged user
168,80.47358,-3.0659816,disadvantaged user
169,19.338665,-9.873543,disadvantaged user
170,-57.028458,-7.5637302,disadvantaged user
171,21.815804,-17.435974,disadvantaged user
172,57.097595,-12.087261,disadvantaged user
173,80.88896,15.543023,disadvantaged user
174,-31.159992,2.71762,disadvantaged user
175,-24.619652,56.72566,disadvantaged user
176,82.01463,-2.1756413,disadvantaged user
177,-49.76487,-2.465792,disadvantaged user
178,-14.5182085,-27.333183,disadvantaged user
179,62.738155,35.96456,disadvantaged user
180,19.993256,6.9799585,disadvantaged user
181,26.30495,-6.2522273,disadvantaged user
182,25.181082,-20.507942,disadvantaged user
183,-37.709503,7.7034726,disadvantaged user
184,-64.582184,29.689756,disadvantaged user
185,-27.35002,55.460182,disadvantaged user
186,-34.108917,-28.880245,disadvantaged user
187,-44.82934,6.0443377,disadvantaged user
188,-42.66075,9.449956,disadvantaged user
189,-37.773064,24.524862,disadvantaged user
190,36.074127,-22.687489,disadvantaged user
191,11.589799,-27.623245,disadvantaged user
192,58.057976,-24.058357,disadvantaged user
193,-53.490395,-7.2483506,disadvantaged user
194,4.8853064,-5.8621483,disadvantaged user
195,0.4588973,-50.68214,disadvantaged user
196,81.23962,13.293595,disadvantaged user
197,-9.567604,-54.977226,disadvantaged user
198,-45.854683,4.130962,disadvantaged user
199,-10.547646,6.361872,disadvantaged user
200,68.27844,30.75381,disadvantaged user
201,57.016716,-13.872347,disadvantaged user
202,5.29146,-1.4760906,disadvantaged user
203,-6.1770477,-17.360395,disadvantaged user
204,-62.843277,14.244922,disadvantaged user
205,-19.948359,-42.98345,disadvantaged user
206,0.29166955,15.1762705,disadvantaged user
207,-5.3924212,-20.631016,disadvantaged user
208,-42.298904,-2.6039746,disadvantaged user
209,18.734138,-19.377995,disadvantaged user
210,-55.766426,25.497637,disadvantaged user
211,-51.10447,20.948565,disadvantaged user
212,-12.125655,11.855272,disadvantaged user
213,59.89823,35.92736,disadvantaged user
214,60.723328,-12.817773,disadvantaged user
215,2.8571134,-13.574363,disadvantaged user
216,54.36013,42.46237,disadvantaged user
217,22.59073,0.3531445,disadvantaged user
218,-40.380066,24.139711,disadvantaged user
219,-16.871183,16.919706,disadvantaged user
220,54.504993,39.65686,disadvantaged user
221,16.268936,-24.161345,disadvantaged user
222,-11.693535,-50.9026,disadvantaged user
223,61.46942,-11.078065,disadvantaged user
224,-41.26226,38.192802,disadvantaged user
225,-57.172573,13.114196,disadvantaged user
226,75.11259,-8.091284,disadvantaged user
227,-41.02045,19.647207,disadvantaged user
228,37.051952,-12.773951,disadvantaged user
229,39.615154,-13.985193,disadvantaged user
230,-65.18737,24.115498,disadvantaged user
231,40.178185,-26.060823,disadvantaged user
232,33.339325,-9.192486,disadvantaged user
233,-41.99023,-17.210756,disadvantaged user
234,-46.830788,5.5901647,disadvantaged user
235,-23.80238,-33.377434,disadvantaged user
236,-3.8679514,-3.422577,disadvantaged user
237,-45.956257,29.270205,disadvantaged user
238,-14.782425,2.2734325,disadvantaged user
239,-50.893417,27.61971,disadvantaged user
240,-21.59827,-9.85406,disadvantaged user
241,-7.6349716,-25.006483,disadvantaged user
242,-20.584639,8.806697,disadvantaged user
243,12.720103,-9.103417,disadvantaged user
244,81.27981,-0.265356,disadvantaged user
245,-10.48632,-19.769255,disadvantaged user
246,-1.8536355,-26.27549,disadvantaged user
247,-26.650438,-3.9363794,disadvantaged user
248,8.549281,-29.880356,disadvantaged user
249,13.048995,-35.75879,disadvantaged user
250,4.7934585,-18.856026,disadvantaged user
251,-55.03486,-11.500584,disadvantaged user
252,-10.48632,-19.769255,disadvantaged user
253,-6.72741,-38.60907,disadvantaged user
254,-27.023851,-29.02196,disadvantaged user
255,-76.619514,18.415773,disadvantaged user
256,-39.600365,-29.81851,disadvantaged user
257,-3.2482674,-34.705013,disadvantaged user
258,-52.600006,-7.2315235,disadvantaged user
259,-0.92760515,-53.652966,disadvantaged user
260,78.90965,15.638206,disadvantaged user
261,29.31208,-14.653651,disadvantaged user
262,65.97624,27.48772,disadvantaged user
263,40.235874,-22.633696,disadvantaged user
264,74.943954,21.659452,disadvantaged user
265,-44.980824,29.137817,disadvantaged user
266,-24.508074,-7.626939,disadvantaged user
267,-23.695944,53.85536,disadvantaged user
268,-17.87207,-26.58605,disadvantaged user
269,5.2327166,-31.589985,disadvantaged user
270,-52.637577,26.247255,disadvantaged user
271,4.0110545,-15.70226,disadvantaged user
272,-35.370052,27.149672,disadvantaged user
273,-55.889687,4.197965,disadvantaged user
274,-4.6947675,9.801264,disadvantaged user
275,-45.101124,24.690458,disadvantaged user
276,-62.43721,33.24716,disadvantaged user
277,76.502716,-7.5321546,disadvantaged user
278,-48.638084,16.835073,disadvantaged user
279,65.63874,-9.882286,disadvantaged user
280,-16.697256,-58.396587,disadvantaged user
281,36.9738,-14.415789,disadvantaged user
282,-57.97294,16.89415,disadvantaged user
283,45.01422,-20.246664,disadvantaged user
284,24.33697,-22.94976,disadvantaged user
285,-6.171473,19.51498,disadvantaged user
286,-3.3578253,-39.229053,disadvantaged user
287,-31.150663,24.488518,disadvantaged user
288,-24.517632,-28.297522,disadvantaged user
289,24.353518,-0.9718866,disadvantaged user
290,-58.978878,-5.1582756,disadvantaged user
291,-23.721664,5.3176885,disadvantaged user
292,-20.721544,19.238314,disadvantaged user
293,-35.492924,-1.4381268,disadvantaged user
294,-14.303503,-58.71008,disadvantaged user
295,49.7749,-23.348362,disadvantaged user
296,-5.0322175,-19.687563,disadvantaged user
297,-33.533417,17.137604,disadvantaged user
298,72.84634,-8.101321,disadvantaged user
299,-7.170947,-51.096348,disadvantaged user
300,19.75056,-23.288258,disadvantaged user
301,-15.098083,12.323446,disadvantaged user
302,8.804643,-15.21793,disadvantaged user
303,-28.140629,22.074791,disadvantaged user
304,24.282478,-23.083157,disadvantaged user
305,49.114017,-11.825002,disadvantaged user
306,45.128788,-16.411346,disadvantaged user
307,-35.394722,25.519594,disadvantaged user
308,-17.303108,-32.361538,disadvantaged user
309,75.72013,24.398264,disadvantaged user
310,8.966957,-7.6144104,disadvantaged user
311,-23.660011,58.680386,disadvantaged user
312,-14.263427,18.866821,disadvantaged user
313,-5.0353675,21.381435,disadvantaged user
314,5.8516617,-28.371826,disadvantaged user
315,-47.79151,11.021467,disadvantaged user
316,-6.2085953,19.026209,disadvantaged user
317,-14.0124655,-1.7335782,disadvantaged user
318,-48.550625,-8.006348,disadvantaged user
319,14.369241,-17.553553,disadvantaged user
320,-61.71916,23.463476,disadvantaged user
321,-1.2338761,-49.640392,disadvantaged user
322,24.449509,7.586017,disadvantaged user
323,-54.28243,23.164356,disadvantaged user
324,-27.893358,55.505005,disadvantaged user
325,-0.28050667,-49.345333,disadvantaged user
326,-53.212265,4.3043346,disadvantaged user
327,-49.00556,22.407766,disadvantaged user
328,-49.202885,-1.4206318,disadvantaged user
329,42.87378,-9.875368,disadvantaged user
330,-50.198193,22.959145,disadvantaged user
331,6.543981,-14.351793,disadvantaged user
332,28.761713,-28.99867,disadvantaged user
333,0.9184149,-17.53436,disadvantaged user
334,-62.231033,21.441307,disadvantaged user
335,-1.9208006,-13.825818,disadvantaged user
336,71.537384,-18.376745,disadvantaged user
337,56.492737,-25.25082,disadvantaged user
338,69.63395,23.85024,disadvantaged user
339,10.606654,-17.604979,disadvantaged user
340,-62.804394,29.155489,disadvantaged user
341,-18.55127,-22.177769,disadvantaged user
342,-1.9705739,-9.294172,disadvantaged user
343,14.746612,-20.254644,disadvantaged user
344,82.343834,-7.493177,disadvantaged user
345,-46.10304,-8.346268,disadvantaged user
346,1.5782214,-18.565327,disadvantaged user
347,-41.039787,28.576668,disadvantaged user
348,18.37246,-35.73455,disadvantaged user
349,-17.822592,17.930202,disadvantaged user
350,53.496346,-29.753042,disadvantaged user
351,71.322075,24.394224,disadvantaged user
352,-23.688398,19.214033,disadvantaged user
353,-59.813766,32.54165,disadvantaged user
354,1.7484735,-43.658566,disadvantaged user
355,-11.6921215,-8.540259,disadvantaged user
356,34.267742,-21.19541,disadvantaged user
357,2.5215282,-7.889897,disadvantaged user
358,-21.59827,-9.85406,disadvantaged user
359,-2.89612,-30.433458,disadvantaged user
360,-16.697256,-58.396587,disadvantaged user
361,0.90919006,-50.554054,disadvantaged user
362,65.825386,-13.249102,disadvantaged user
363,-71.16634,7.9866686,disadvantaged user
364,43.189964,-27.212542,disadvantaged user
365,-16.27819,-13.229395,disadvantaged user
366,-47.910168,-14.106853,disadvantaged user
367,32.908283,-30.203043,disadvantaged user
368,21.64111,-0.17396368,disadvantaged user
369,5.7320614,7.380675,disadvantaged user
370,0.6373565,8.000663,disadvantaged user
371,2.124358,-50.552074,disadvantaged user
372,-54.580086,-3.0886734,disadvantaged user
373,-31.539495,12.995096,disadvantaged user
374,-12.928143,58.54182,disadvantaged user
375,-5.9322653,-49.263897,disadvantaged user
376,28.17566,-14.592461,disadvantaged user
377,-11.5146475,-13.65665,disadvantaged user
378,-4.919968,12.789707,disadvantaged user
379,27.820929,-10.447,disadvantaged user
380,59.669373,40.35366,disadvantaged user
381,-5.448935,-52.82223,disadvantaged user
382,13.956451,-10.791723,disadvantaged user
383,-14.412527,-38.885544,disadvantaged user
384,-45.027344,-0.4652682,disadvantaged user
385,-13.158658,58.820457,disadvantaged user
386,-15.448104,3.589212,disadvantaged user
387,58.425472,-9.915838,disadvantaged user
388,-61.225475,17.723389,disadvantaged user
389,-65.70915,3.4512281,disadvantaged user
390,22.534794,-0.49999675,disadvantaged user
391,51.103546,-28.75663,disadvantaged user
392,-17.49703,-34.281273,disadvantaged user
393,34.781677,-1.8765653,disadvantaged user
394,-18.79426,20.211626,disadvantaged user
395,65.2297,34.72872,disadvantaged user
396,27.60812,-22.012321,disadvantaged user
397,28.876196,-13.923259,disadvantaged user
398,-35.387096,-13.392852,disadvantaged user
399,-6.792125,-17.688387,disadvantaged user
400,-39.426113,-6.525531,disadvantaged user
401,-49.672943,26.350777,disadvantaged user
402,41.346607,-24.345034,disadvantaged user
403,36.074127,-22.687489,disadvantaged user
404,-4.6026726,15.751152,disadvantaged user
405,-63.687843,2.0195224,disadvantaged user
406,-52.742607,36.441624,disadvantaged user
407,21.914343,-41.558846,disadvantaged user
408,-64.34343,9.215857,disadvantaged user
409,3.4365275,-12.112842,disadvantaged user
410,-42.81646,4.591386,disadvantaged user
411,30.9295,-16.210249,disadvantaged user
412,-23.951933,55.07366,disadvantaged user
413,-6.834611,-15.398015,disadvantaged user
414,13.598238,-6.264804,disadvantaged user
415,-62.92018,1.451022,disadvantaged user
416,15.842395,5.8773713,disadvantaged user
417,11.724342,-23.162931,disadvantaged user
418,43.700153,-12.007989,disadvantaged user
419,-31.51476,31.100922,disadvantaged user
420,56.283512,41.064335,disadvantaged user
421,82.313515,-3.4422088,disadvantaged user
422,-36.321564,-23.128992,disadvantaged user
423,-3.2392306,-4.602177,disadvantaged user
424,-14.577621,14.6348295,disadvantaged user
425,74.4588,14.388404,disadvantaged user
426,-39.54796,16.022373,disadvantaged user
427,43.834633,-18.457985,disadvantaged user
428,22.707697,-7.9772496,disadvantaged user
429,18.27778,-18.40587,disadvantaged user
430,-35.77015,-30.877476,disadvantaged user
431,34.454433,-21.717464,disadvantaged user
432,46.39835,46.09134,disadvantaged user
433,-33.61188,-18.035414,disadvantaged user
434,37.90386,-8.660144,disadvantaged user
435,82.903114,10.287082,disadvantaged user
436,7.1261725,-37.08338,disadvantaged user
437,43.91137,-16.14652,disadvantaged user
438,18.438654,-14.073781,disadvantaged user
439,-1.4544106,-4.08141,disadvantaged user
440,-31.660238,-10.216773,disadvantaged user
441,-55.05039,33.18939,disadvantaged user
442,81.35391,-1.5151639,disadvantaged user
443,-47.641453,31.496117,disadvantaged user
444,43.897194,-12.435666,disadvantaged user
445,-24.516788,60.089184,disadvantaged user
446,-9.506201,-8.910978,disadvantaged user
447,68.27844,30.75381,disadvantaged user
448,14.670894,3.7542818,disadvantaged user
449,43.674377,-17.739233,disadvantaged user
450,63.092457,-19.611654,disadvantaged user
451,83.33435,-2.4879522,disadvantaged user
452,-53.13927,-3.224388,disadvantaged user
453,-32.24558,65.75929,disadvantaged user
454,57.424984,-26.297977,disadvantaged user
455,30.58745,-10.869334,disadvantaged user
456,2.0471494,-8.812393,disadvantaged user
457,-6.6524787,-1.206303,disadvantaged user
458,69.179276,34.17732,disadvantaged user
459,47.267025,45.9794,disadvantaged user
460,-26.400911,9.763209,disadvantaged user
461,34.888256,-10.087719,disadvantaged user
462,42.311016,-5.5103445,disadvantaged user
463,-38.244354,14.846009,disadvantaged user
464,59.169388,-22.8534,disadvantaged user
465,-30.357674,7.3029733,disadvantaged user
466,38.94021,-5.483884,disadvantaged user
467,5.7888417,-29.253166,disadvantaged user
468,-22.176497,-5.5058813,disadvantaged user
469,-10.243789,-18.670021,disadvantaged user
470,45.9068,-23.05003,disadvantaged user
471,-24.508074,-7.626939,disadvantaged user
472,-36.988335,5.653514,disadvantaged user
473,13.713257,-3.6603532,disadvantaged user
474,-46.241917,28.144878,disadvantaged user
475,2.687765,-17.315723,disadvantaged user
476,32.561737,-24.194235,disadvantaged user
477,73.585754,-10.515898,disadvantaged user
478,-43.143536,-3.2267864,disadvantaged user
479,-1.7618144,-11.543809,disadvantaged user
480,-27.770157,-21.827883,disadvantaged user
481,-54.760353,15.388704,disadvantaged user
482,48.941612,46.436905,disadvantaged user
483,19.75056,-23.288258,disadvantaged user
484,-33.139957,-22.774107,disadvantaged user
485,0.22643247,-48.160778,disadvantaged user
486,-68.58331,17.411497,disadvantaged user
487,-33.05277,0.1322623,disadvantaged user
488,-13.745993,-15.442213,disadvantaged user
489,-12.70354,-2.0451374,disadvantaged user
490,-46.236343,3.2792106,disadvantaged user
491,76.63266,1.3363737,disadvantaged user
492,22.698238,-20.68641,disadvantaged user
493,-22.961111,-35.965084,disadvantaged user
494,-17.420095,1.6913692,disadvantaged user
495,-28.834042,0.22563876,disadvantaged user
496,-18.042555,-22.985435,disadvantaged user
497,24.799389,-9.407884,disadvantaged user
498,-52.814705,-5.9177847,disadvantaged user
499,-65.89475,9.79514,disadvantaged user
500,-20.088978,5.0328436,disadvantaged user
501,-64.85095,16.60783,disadvantaged user
502,-15.797876,-6.0031753,disadvantaged user
503,81.27981,-0.265356,disadvantaged user
504,-25.414648,57.065372,disadvantaged user
505,-1.7700158,-22.57053,disadvantaged user
506,-61.37447,18.889286,disadvantaged user
507,-1.1797915,-21.268467,disadvantaged user
508,60.77593,41.269455,disadvantaged user
509,-5.862267,-15.361426,disadvantaged user
510,-17.31753,-9.247266,disadvantaged user
511,38.265923,-25.121223,disadvantaged user
512,22.908585,-29.383797,disadvantaged user
513,62.151176,35.391903,disadvantaged user
514,68.16053,2.1592388,disadvantaged user
515,-55.94494,2.7887614,disadvantaged user
516,48.54004,-19.772642,disadvantaged user
517,-52.206818,3.833479,disadvantaged user
518,-3.5018055,15.547212,disadvantaged user
519,-1.3080374,-8.623143,disadvantaged user
520,82.88234,8.716045,disadvantaged user
521,32.67418,-2.6679127,disadvantaged user
522,-51.95506,30.70173,disadvantaged user
523,19.81271,-11.774118,disadvantaged user
524,-2.0557306,-1.0910304,disadvantaged user
525,-0.08246161,-37.632027,disadvantaged user
526,35.24484,-23.450304,disadvantaged user
527,-23.867685,-4.3190207,disadvantaged user
528,-55.15306,33.83669,disadvantaged user
529,-23.276487,60.55887,disadvantaged user
530,65.60825,-10.48892,disadvantaged user
531,-22.341656,-1.9543475,disadvantaged user
532,-39.63279,10.752663,disadvantaged user
533,-1.0257239,-8.207321,disadvantaged user
534,52.45125,-9.999533,disadvantaged user
535,77.51978,-0.6715306,disadvantaged user
536,-47.19695,-21.9554,disadvantaged user
537,-57.706722,29.202105,disadvantaged user
538,-16.144878,-18.190971,disadvantaged user
539,-11.056851,-28.021992,disadvantaged user
540,-23.685596,59.13084,disadvantaged user
541,-15.207474,-35.84128,disadvantaged user
542,29.443714,-3.9901686,disadvantaged user
543,-25.435667,59.927837,disadvantaged user
544,-47.095757,21.570913,disadvantaged user
545,-10.843476,-52.44261,disadvantaged user
546,-40.958054,27.360308,disadvantaged user
547,2.9035969,69.42216,disadvantaged user
548,-61.00155,12.095739,disadvantaged user
549,-14.280032,-20.147457,disadvantaged user
550,-46.106747,-9.789546,disadvantaged user
551,28.100813,7.4357324,disadvantaged user
552,-3.5779042,-20.360655,disadvantaged user
553,57.400814,-27.350763,disadvantaged user
554,43.693794,-21.28347,disadvantaged user
555,7.564157,3.681011,disadvantaged user
556,12.201897,-0.6649884,disadvantaged user
557,76.46195,-0.9217705,disadvantaged user
558,-11.320294,4.282159,disadvantaged user
559,-73.467026,18.29889,disadvantaged user
560,73.2155,24.298775,disadvantaged user
561,-36.08551,8.146814,disadvantaged user
562,-43.829533,-10.151386,disadvantaged user
563,-23.725832,-36.221844,disadvantaged user
564,-57.212524,30.354626,disadvantaged user
565,41.98326,-18.216406,disadvantaged user
566,14.832421,-26.479609,disadvantaged user
567,6.231319,-21.859566,disadvantaged user
568,-45.293247,-10.301177,disadvantaged user
569,28.183895,-7.3202524,disadvantaged user
570,39.807404,-12.095801,disadvantaged user
571,-45.027344,-0.4652682,disadvantaged user
572,-5.1570635,-3.0802414,disadvantaged user
573,-14.645227,26.574093,disadvantaged user
574,79.891235,7.2495637,disadvantaged user
575,-38.66211,-16.388456,disadvantaged user
576,33.482243,2.6076531,disadvantaged user
577,-26.057037,59.870922,disadvantaged user
578,-45.97403,23.155394,disadvantaged user
579,25.372768,-18.72379,disadvantaged user
580,2.5853746,-38.42474,disadvantaged user
581,27.270054,5.8271127,disadvantaged user
582,-30.847805,23.387232,disadvantaged user
583,-71.03859,1.162154,disadvantaged user
584,30.282194,-3.524722,disadvantaged user
585,53.14603,42.925976,disadvantaged user
586,-51.376865,-22.313627,disadvantaged user
587,40.536434,-28.286106,disadvantaged user
588,-15.088603,-25.530355,disadvantaged user
589,-60.11995,7.0682483,disadvantaged user
590,-1.9807448,26.486032,disadvantaged user
591,-43.306744,-4.5107646,disadvantaged user
592,12.201897,-0.6649884,disadvantaged user
593,-16.171268,-39.667336,disadvantaged user
594,-16.566246,-11.560158,disadvantaged user
595,-64.75317,-1.8394147,disadvantaged user
596,26.013285,-34.194603,disadvantaged user
597,-0.7908679,-3.5117884,disadvantaged user
598,-57.18446,-4.937187,disadvantaged user
599,69.64737,-13.94974,disadvantaged user
600,-12.197049,-50.90763,disadvantaged user
601,-53.221478,0.2594942,disadvantaged user
602,10.950438,-8.254063,disadvantaged user
603,38.737953,-22.783419,disadvantaged user
604,46.398026,-11.734852,disadvantaged user
605,31.392355,-8.935174,disadvantaged user
606,-5.9007835,10.615904,disadvantaged user
607,17.54257,-0.036239304,disadvantaged user
608,51.07099,-16.83061,disadvantaged user
609,-66.900406,12.38616,disadvantaged user
610,77.42923,23.3395,disadvantaged user
611,-6.815312,-8.3353,disadvantaged user
612,-71.178345,8.931642,disadvantaged user
613,-39.796246,-10.288716,disadvantaged user
614,-17.942396,-1.7753688,disadvantaged user
615,4.3174677,-17.558987,disadvantaged user
616,-59.670254,-8.175749,disadvantaged user
617,-39.600365,-29.81851,disadvantaged user
618,37.54142,-17.336037,disadvantaged user
619,50.551872,-23.104477,disadvantaged user
620,30.233242,6.087044,disadvantaged user
621,-38.030407,-3.303274,disadvantaged user
622,-26.462664,1.9082392,disadvantaged user
623,66.82042,-10.25924,disadvantaged user
624,61.186035,-15.764471,disadvantaged user
625,5.31574,-31.505812,disadvantaged user
626,61.37228,-24.900496,disadvantaged user
627,-24.294249,-3.670782,disadvantaged user
628,-38.651978,4.5863533,disadvantaged user
629,67.96928,34.1062,disadvantaged user
630,15.73693,-8.87913,disadvantaged user
631,-56.483353,-0.60794866,disadvantaged user
632,62.675186,-19.814962,disadvantaged user
633,-14.208985,-54.29523,disadvantaged user
634,-37.091526,-17.70467,disadvantaged user
635,19.469297,2.034189,disadvantaged user
636,-7.024222,23.0508,disadvantaged user
637,-50.39796,-18.470047,disadvantaged user
638,-12.674613,59.52818,disadvantaged user
639,29.441408,-5.7400384,disadvantaged user
640,-55.84756,-13.840763,disadvantaged user
641,-58.288376,18.058733,disadvantaged user
642,-66.97397,12.134471,disadvantaged user
643,1.9181744,-15.51099,disadvantaged user
644,69.56004,30.47898,disadvantaged user
645,-52.57387,6.9363937,disadvantaged user
646,6.571164,-3.5135996,disadvantaged user
647,-61.71945,35.692917,disadvantaged user
648,-32.34865,65.70229,disadvantaged user
649,79.7152,17.449999,disadvantaged user
650,-66.65495,0.62871337,disadvantaged user
651,-28.07322,62.060547,disadvantaged user
652,46.984108,-12.202036,disadvantaged user
653,-31.790009,-27.880766,disadvantaged user
654,-17.16715,-26.975859,disadvantaged user
655,-3.4431198,3.4896815,disadvantaged user
656,-3.8679514,-3.422577,disadvantaged user
657,-37.982162,14.214053,disadvantaged user
658,17.325468,1.6214586,disadvantaged user
659,65.02433,6.6102114,advantaged user
660,30.331408,67.49078,advantaged user
661,42.018963,54.51322,advantaged user
662,30.43877,67.26546,advantaged user
663,32.216583,65.60988,advantaged user
664,31.093622,63.71454,advantaged user
665,30.42171,67.30311,advantaged user
666,65.32598,4.7475076,advantaged user
667,66.32127,4.624612,advantaged user
668,43.3888,53.49809,advantaged user
669,54.03606,-30.65688,advantaged user
670,54.8344,46.85019,advantaged user
671,31.247238,65.763306,advantaged user
672,30.479248,67.18417,advantaged user
673,30.354025,67.44435,advantaged user
674,30.385548,67.3773,advantaged user
675,-76.25829,12.701652,advantaged user
676,63.666218,26.80336,advantaged user
677,36.45797,59.284527,advantaged user
678,30.710693,66.732185,advantaged user
679,33.18524,60.745358,advantaged user
680,30.621115,66.89279,advantaged user
681,30.53811,67.0672,advantaged user
682,31.239664,65.29136,advantaged user
683,-53.253555,-13.078763,advantaged user
684,63.905037,27.046041,advantaged user
685,34.563274,58.21275,advantaged user
686,30.520672,67.10194,advantaged user
687,-62.985806,-22.844856,advantaged user
688,30.42963,67.28773,advantaged user
689,4.145157,24.500284,advantaged user
690,-54.01915,18.35685,advantaged user
691,31.15678,65.82045,advantaged user
692,30.85529,66.4487,advantaged user
693,39.39331,51.39509,advantaged user
694,13.470631,-39.682888,advantaged user
695,65.61957,4.5949883,advantaged user
696,36.19809,59.701958,advantaged user
697,30.593884,66.95593,advantaged user
698,34.87422,60.793,advantaged user
699,30.923069,66.32285,advantaged user
700,31.01636,66.17455,advantaged user
701,32.280453,62.227547,advantaged user
702,58.39673,44.419136,advantaged user
703,30.734941,66.681046,advantaged user
704,32.757732,64.45476,advantaged user
705,32.166683,63.90397,advantaged user
706,32.218636,63.044987,advantaged user
707,30.66853,66.80765,advantaged user
708,32.818195,62.431908,advantaged user
709,32.20987,63.338955,advantaged user
710,54.09533,-31.800499,advantaged user
711,68.65453,20.380749,advantaged user
712,33.06428,61.883324,advantaged user
713,33.408436,62.16706,advantaged user
714,50.631237,40.45581,advantaged user
715,67.85857,5.405229,advantaged user
716,33.74864,60.243183,advantaged user
717,32.98322,62.596554,advantaged user
718,31.573149,65.14165,advantaged user
719,65.439445,4.5677323,advantaged user
720,31.499325,65.372185,advantaged user
721,34.19287,60.093597,advantaged user
722,32.17867,64.33018,advantaged user
723,55.63486,45.396404,advantaged user
724,31.121727,65.979454,advantaged user
725,31.178421,65.928825,advantaged user
726,-33.99875,70.52792,advantaged user
727,31.691765,64.99206,advantaged user
728,31.502722,65.3288,advantaged user
729,30.941061,66.30089,advantaged user
730,-33.98175,70.49507,advantaged user
731,32.094822,64.33598,advantaged user
732,31.065283,66.08615,advantaged user
733,32.533306,63.904484,advantaged user
734,42.360054,53.501408,advantaged user
735,68.97452,19.805922,advantaged user
736,61.59801,41.243572,advantaged user
737,31.24138,65.73864,advantaged user
738,31.425951,65.44566,advantaged user
739,-33.975224,70.47287,advantaged user
740,33.25614,62.270554,advantaged user
741,32.210125,64.37929,advantaged user
742,31.605858,65.12393,advantaged user
743,-33.979424,70.48688,advantaged user
744,64.047516,27.012934,advantaged user
745,38.3201,57.219265,advantaged user
746,31.802923,64.84831,advantaged user
747,31.950441,64.430466,advantaged user
748,36.422413,55.8564,advantaged user
749,32.759804,63.186108,advantaged user
750,32.542164,63.697147,advantaged user
751,35.864452,55.377724,advantaged user
752,34.571625,60.226994,advantaged user
753,32.83548,62.991104,advantaged user
754,66.03278,26.89284,advantaged user
755,54.217278,39.990093,advantaged user
756,31.684483,64.986946,advantaged user
757,31.23228,65.85224,advantaged user
758,31.68967,64.99001,advantaged user
759,31.680614,64.965744,advantaged user
760,41.958378,54.027447,advantaged user
761,41.824974,48.186398,advantaged user
762,35.879963,55.514526,advantaged user
763,71.85514,16.62954,advantaged user
764,33.570072,61.79499,advantaged user
765,33.79841,62.14827,advantaged user
766,31.85916,64.640045,advantaged user
767,-28.706799,-13.327172,advantaged user
768,64.76097,28.956512,advantaged user
769,-8.056279,-63.045834,advantaged user
770,-72.94306,24.328295,advantaged user
771,67.77732,-0.060270984,advantaged user
772,59.2398,42.11629,advantaged user
773,-51.610134,12.482777,advantaged user
774,31.967405,64.52436,advantaged user
775,52.006783,47.132866,advantaged user
776,34.779163,59.6594,advantaged user
777,32.035015,64.43219,advantaged user
778,31.767946,64.84449,advantaged user
779,33.396927,61.716934,advantaged user
780,-47.42723,33.95127,advantaged user
781,49.385418,41.788216,advantaged user
782,33.798035,61.266037,advantaged user
783,-44.335842,7.9045477,advantaged user
784,32.178326,63.862564,advantaged user
785,32.068493,64.27061,advantaged user
786,35.406513,60.053078,advantaged user
787,33.795826,61.45734,advantaged user
788,37.373203,54.753574,advantaged user
789,32.027153,64.36641,advantaged user
790,35.987057,59.215694,advantaged user
791,35.538322,59.56646,advantaged user
792,59.133587,34.536083,advantaged user
793,35.141228,59.109283,advantaged user
794,-33.853836,70.16461,advantaged user
795,-33.923904,70.34499,advantaged user
796,-9.012373,-27.268158,advantaged user
797,-65.09638,26.448143,advantaged user
798,-33.892624,70.263535,advantaged user
799,68.11038,6.504328,advantaged user
800,50.18419,40.741703,advantaged user
801,32.692814,63.15411,advantaged user
802,32.64814,63.414783,advantaged user
803,42.57159,52.421467,advantaged user
804,31.796083,64.81097,advantaged user
805,82.96524,17.356556,advantaged user
806,59.816128,-29.64549,advantaged user
807,71.87399,-18.316914,advantaged user
808,-9.276748,21.063066,advantaged user
809,34.523716,59.986855,advantaged user
810,33.627377,61.70612,advantaged user
811,6.220966,71.88555,advantaged user
812,70.31905,5.0945225,advantaged user
813,50.10836,-33.524506,advantaged user
814,42.956,53.620346,advantaged user
815,61.537945,41.61701,advantaged user
816,-32.91589,-35.37534,advantaged user
817,32.29189,63.91234,advantaged user
818,33.018894,62.640488,advantaged user
819,35.991554,-3.1176794,advantaged user
820,10.325926,-31.683971,advantaged user
821,76.25273,28.998867,advantaged user
822,71.95576,-18.383966,advantaged user
823,32.815983,63.038612,advantaged user
824,36.89687,55.03533,advantaged user
825,32.42096,63.657665,advantaged user
826,-33.875458,70.23008,advantaged user
827,55.08511,44.67955,advantaged user
828,1.4564434,65.23403,advantaged user
829,39.541225,55.212612,advantaged user
830,32.990906,62.829617,advantaged user
831,35.909943,58.830566,advantaged user
832,69.01176,22.914642,advantaged user
833,-52.505367,-21.815899,advantaged user
834,-54.617634,-14.777972,advantaged user
835,24.52621,-32.65198,advantaged user
836,37.472137,54.358418,advantaged user
837,32.985737,62.511158,advantaged user
838,67.90399,23.185884,advantaged user
839,-65.57585,29.6551,advantaged user
840,-33.865204,70.21005,advantaged user
841,-33.824123,70.11639,advantaged user
842,62.16858,-9.206847,advantaged user
843,33.79744,3.6318953,advantaged user
844,66.97953,22.563553,advantaged user
845,57.558285,35.340553,advantaged user
846,-37.840008,36.184803,advantaged user
847,-65.02743,27.182888,advantaged user
848,51.88917,46.900867,advantaged user
849,37.046005,57.173878,advantaged user
850,66.841934,35.670486,advantaged user
851,62.212437,40.735752,advantaged user
852,39.043285,-13.241919,advantaged user
853,33.553757,61.735836,advantaged user
854,33.532047,61.864582,advantaged user
855,34.97413,59.726692,advantaged user
856,50.07221,-33.297195,advantaged user
857,51.892162,44.852997,advantaged user
858,53.80858,-33.103,advantaged user
859,34.270336,60.529087,advantaged user
860,35.755905,58.756405,advantaged user
861,-33.82736,70.1075,advantaged user
862,55.021988,-30.727066,advantaged user
863,34.09069,61.041668,advantaged user
864,34.173336,60.80588,advantaged user
865,36.396885,56.217175,advantaged user
866,-33.76969,69.9508,advantaged user
867,-53.872215,-17.557024,advantaged user
868,47.47737,-31.57075,advantaged user
869,74.39954,1.7951766,advantaged user
870,40.53986,54.25784,advantaged user
871,65.829834,29.210558,advantaged user
872,63.91008,39.545406,advantaged user
873,33.507896,61.917263,advantaged user
874,38.37158,-0.89866644,advantaged user
875,37.66056,56.12149,advantaged user
876,34.114693,60.919876,advantaged user
877,-48.673706,34.06374,advantaged user
878,34.813885,59.78599,advantaged user
879,-54.89915,-24.984074,advantaged user
880,37.28964,55.64424,advantaged user
881,26.120537,-38.253704,advantaged user
882,69.79659,7.0002112,advantaged user
883,-25.019659,-22.35186,advantaged user
884,51.138203,46.09743,advantaged user
885,41.456642,50.95936,advantaged user
886,38.59052,56.888298,advantaged user
887,-33.77472,69.96546,advantaged user
888,39.70419,54.21792,advantaged user
889,-46.24735,0.14037529,advantaged user
890,36.537594,57.4641,advantaged user
891,72.613434,15.389435,advantaged user
892,28.411596,-38.51827,advantaged user
893,56.3212,43.81325,advantaged user
894,-56.99937,-21.348501,advantaged user
895,33.382824,62.032215,advantaged user
896,33.658096,61.69801,advantaged user
897,37.911762,53.490368,advantaged user
898,34.151333,60.93362,advantaged user
899,13.234748,-26.546427,advantaged user
900,-46.627186,36.151886,advantaged user
901,53.908043,45.516426,advantaged user
902,59.75686,-29.4159,advantaged user
903,82.210625,-8.06568,advantaged user
904,39.157116,55.236855,advantaged user
905,-23.787924,-20.768658,advantaged user
906,49.002686,47.757988,advantaged user
907,38.461823,56.065643,advantaged user
908,36.248226,58.23247,advantaged user
909,51.32013,41.53425,advantaged user
910,40.45236,54.598198,advantaged user
911,-69.717155,23.527853,advantaged user
912,63.39058,32.745148,advantaged user
913,41.197803,51.88334,advantaged user
914,-33.704464,69.80084,advantaged user
915,-33.727238,69.85593,advantaged user
916,51.002,-15.18045,advantaged user
917,66.43596,36.372993,advantaged user
918,43.099873,-35.616653,advantaged user
919,59.695377,-26.663157,advantaged user
920,52.629868,-32.981,advantaged user
921,41.75644,54.32709,advantaged user
922,-57.470882,9.3013735,advantaged user
923,34.257637,60.773415,advantaged user
924,33.484447,61.887833,advantaged user
925,-33.683567,69.7526,advantaged user
926,71.95533,21.901964,advantaged user
927,21.707418,-9.585033,advantaged user
928,45.61717,44.75199,advantaged user
929,38.201115,53.702785,advantaged user
930,53.23695,39.128227,advantaged user
931,34.01626,61.141155,advantaged user
932,38.725513,52.968346,advantaged user
933,46.40798,49.894753,advantaged user
934,-67.74251,30.828758,advantaged user
935,37.081757,56.259686,advantaged user
936,6.6391006,71.5102,advantaged user
937,69.2842,5.95836,advantaged user
938,11.678194,18.263126,advantaged user
939,66.19215,4.2415695,advantaged user
940,75.09039,10.937597,advantaged user
941,-4.257923,-60.41674,advantaged user
942,59.830563,34.67861,advantaged user
943,6.5241847,-41.209076,advantaged user
944,38.503197,53.87537,advantaged user
945,39.081894,52.26541,advantaged user
946,84.89487,10.833626,advantaged user
947,43.93564,51.58512,advantaged user
948,45.2514,50.421738,advantaged user
949,38.24146,54.97663,advantaged user
950,56.562042,44.088303,advantaged user
951,-20.606804,33.3663,advantaged user
952,33.963326,61.19165,advantaged user
953,34.81411,59.741203,advantaged user
954,55.66965,-17.219402,advantaged user
955,56.11042,42.071007,advantaged user
956,78.20469,6.626467,advantaged user
957,36.420822,55.429882,advantaged user
958,-57.99655,37.916145,advantaged user
959,70.649925,32.637222,advantaged user
960,38.086086,55.466805,advantaged user
961,23.732868,-2.4787383,advantaged user
962,-5.179824,-61.793118,advantaged user
963,-5.1507425,-61.759224,advantaged user
964,38.695766,54.080177,advantaged user
965,72.3747,6.9741044,advantaged user
966,51.156902,-32.57444,advantaged user
967,52.255306,44.59263,advantaged user
968,42.619675,49.22099,advantaged user
969,39.84169,-32.88548,advantaged user
970,35.80989,58.31132,advantaged user
971,1.667956,65.50742,advantaged user
972,43.560303,47.64962,advantaged user
973,72.58646,10.130242,advantaged user
974,36.5293,56.74081,advantaged user
975,-35.324894,7.1772985,advantaged user
976,0.6252235,23.755169,advantaged user
977,-19.402187,-39.496563,advantaged user
978,36.371975,57.522717,advantaged user
979,-7.114972,-10.884763,advantaged user
980,-44.408398,-21.127539,advantaged user
981,38.186573,55.27959,advantaged user
982,76.98462,27.197063,advantaged user
983,42.661644,47.588596,advantaged user
984,57.84494,37.419388,advantaged user
985,-33.747063,69.906105,advantaged user
986,13.515404,-39.29638,advantaged user
987,36.7534,-33.021122,advantaged user
988,56.424057,-24.709396,advantaged user
989,-1.8492873,-57.31858,advantaged user
990,57.69775,42.506824,advantaged user
991,-26.065964,-25.948936,advantaged user
992,43.23848,50.73642,advantaged user
993,35.60763,58.95182,advantaged user
994,39.762638,52.529163,advantaged user
995,36.66478,57.371696,advantaged user
996,35.74452,58.509438,advantaged user
997,34.774666,60.034164,advantaged user
998,67.198235,26.31777,advantaged user
999,6.850373,-31.71325,advantaged user
1000,37.21356,56.290806,advantaged user
1001,-6.916412,-19.029095,advantaged user
1002,3.1866446,-40.061302,advantaged user
1003,-36.180805,-25.471157,advantaged user
1004,41.905907,49.912083,advantaged user
1005,49.466324,42.709812,advantaged user
1006,45.848763,47.358124,advantaged user
1007,36.664146,57.177696,advantaged user
1008,41.33951,49.94958,advantaged user
1009,-66.65365,27.051136,advantaged user
1010,-15.553948,-16.981478,advantaged user
1011,66.04545,-6.6015744,advantaged user
1012,47.91194,-7.439315,advantaged user
1013,33.368176,-5.6974645,advantaged user
1014,79.08979,-6.105228,advantaged user
1015,70.434204,5.6987686,advantaged user
1016,-24.814411,-18.409603,advantaged user
1017,38.51234,-0.95615995,advantaged user
1018,52.373905,39.88426,advantaged user
1019,-20.992537,-40.905052,advantaged user
1020,24.682726,-24.98186,advantaged user
1021,39.10399,54.86366,advantaged user
1022,61.711308,39.158005,advantaged user
1023,41.368484,50.32736,advantaged user
1024,55.786503,43.38613,advantaged user
1025,42.705196,47.824043,advantaged user
1026,49.00041,-30.492758,advantaged user
1027,35.647717,58.540188,advantaged user
1028,36.493908,56.82434,advantaged user
1029,38.28866,56.00118,advantaged user
1030,37.046597,56.11611,advantaged user
1031,67.220726,3.932788,advantaged user
1032,69.73942,26.34233,advantaged user
1033,60.744812,-26.192305,advantaged user
1034,72.54637,28.834661,advantaged user
1035,48.87756,47.066692,advantaged user
1036,38.742924,-36.135746,advantaged user
1037,63.909897,38.768425,advantaged user
1038,55.803844,-29.468918,advantaged user
1039,72.41301,31.087328,advantaged user
1040,7.8775744,-22.435635,advantaged user
1041,47.936264,43.49413,advantaged user
1042,-37.26885,35.81102,advantaged user
1043,39.435135,53.32543,advantaged user
1044,38.66597,54.30882,advantaged user
1045,-4.1062016,27.877579,advantaged user
1046,41.909306,49.16114,advantaged user
1047,39.760365,52.924374,advantaged user
1048,38.132217,54.269325,advantaged user
1049,-33.33338,68.72251,advantaged user
1050,28.59971,-29.791142,advantaged user
1051,58.51791,-15.814027,advantaged user
1052,31.9553,2.8825362,advantaged user
1053,-1.7667104,-56.09232,advantaged user
1054,47.88803,48.26446,advantaged user
1055,-28.714314,8.204191,advantaged user
1056,49.586346,43.43531,advantaged user
1057,-68.43564,25.258701,advantaged user
1058,37.523422,56.47627,advantaged user
1059,45.151505,47.349667,advantaged user
1060,81.23861,-10.002596,advantaged user
1061,42.24409,50.643524,advantaged user
1062,36.93389,56.472595,advantaged user
1063,-24.682402,62.768997,advantaged user
1064,55.342094,44.771217,advantaged user
1065,68.17324,23.157755,advantaged user
1066,-59.630882,17.440315,advantaged user
1067,38.576336,54.340492,advantaged user
1068,38.565117,54.86747,advantaged user
1069,7.4295883,2.4202693,advantaged user
1070,39.19335,54.198235,advantaged user
1071,63.476868,39.517014,advantaged user
1072,-54.347324,15.434491,advantaged user
1073,-41.482254,29.728695,advantaged user
1074,40.583836,53.17865,advantaged user
1075,50.640377,42.263428,advantaged user
1076,-57.988247,-12.986758,advantaged user
1077,33.638477,-28.546669,advantaged user
1078,44.000923,47.841465,advantaged user
1079,41.203045,53.198463,advantaged user
1080,36.34377,57.71834,advantaged user
1081,37.15051,56.382614,advantaged user
1082,-69.61129,14.736997,advantaged user
1083,-33.62339,69.58724,advantaged user
1084,65.770065,2.1012948,advantaged user
1085,10.537934,-25.401693,advantaged user
1086,-54.512955,13.05046,advantaged user
1087,27.49875,-33.002716,advantaged user
1088,58.735416,-28.952948,advantaged user
1089,55.34955,38.481552,advantaged user
1090,22.46352,-29.462992,advantaged user
1091,-57.179768,-21.431593,advantaged user
1092,-39.658096,34.946598,advantaged user
1093,-5.2487135,-22.174511,advantaged user
1094,69.505844,34.662224,advantaged user
1095,39.486626,52.703014,advantaged user
1096,38.79966,55.698685,advantaged user
1097,-63.1783,26.776329,advantaged user
1098,46.213394,46.177727,advantaged user
1099,36.892384,57.045376,advantaged user
1100,42.49191,51.11642,advantaged user
1101,68.17483,5.40513,advantaged user
1102,-62.106,23.479954,advantaged user
1103,84.449974,0.2613297,advantaged user
1104,63.28337,30.999628,advantaged user
1105,58.078495,-17.874243,advantaged user
1106,39.406715,-31.574604,advantaged user
1107,43.01701,50.328064,advantaged user
1108,-38.456345,-34.385777,advantaged user
1109,40.078197,54.278427,advantaged user
1110,44.338398,-34.561443,advantaged user
1111,-26.206642,30.343897,advantaged user
1112,61.78728,33.23836,advantaged user
1113,52.239506,-27.213377,advantaged user
1114,-57.53668,33.856003,advantaged user
1115,72.85435,18.504501,advantaged user
1116,71.52748,18.048994,advantaged user
1117,72.762245,15.486627,advantaged user
1118,70.91423,19.37419,advantaged user
1119,85.2702,10.104276,advantaged user
1120,38.93658,55.24032,advantaged user
1121,-51.64342,-12.638327,advantaged user
1122,-66.86064,24.88702,advantaged user
1123,38.03145,55.302998,advantaged user
1124,37.02583,56.643795,advantaged user
1125,48.28566,-17.421202,advantaged user
1126,69.59326,28.050154,advantaged user
1127,69.05746,32.27621,advantaged user
1128,66.71113,3.1991794,advantaged user
1129,74.43347,4.5494223,advantaged user
1130,63.371815,31.188557,advantaged user
1131,56.359253,-28.426514,advantaged user
1132,-46.529404,35.850273,advantaged user
1133,80.14475,23.929756,advantaged user
1134,47.041847,48.12687,advantaged user
1135,39.387703,54.56039,advantaged user
1136,74.58579,1.8126936,advantaged user
1137,-23.691326,-39.901543,advantaged user
1138,47.874706,43.93802,advantaged user
1139,32.29837,-33.802814,advantaged user
1140,38.63543,54.800785,advantaged user
1141,69.4073,-8.194473,advantaged user
1142,14.515082,-28.19752,advantaged user
1143,0.13024333,-54.738705,advantaged user
1144,37.53069,56.22303,advantaged user
1145,6.8871546,-26.388306,advantaged user
1146,51.652542,45.74775,advantaged user
1147,38.507492,54.675842,advantaged user
1148,-32.99931,67.09226,advantaged user
1149,53.445362,42.509018,advantaged user
1150,39.098244,54.183777,advantaged user
1151,67.45061,26.713558,advantaged user
1152,36.639458,56.814674,advantaged user
1153,6.46326,71.584465,advantaged user
1154,50.193325,41.054333,advantaged user
1155,-33.541336,69.31662,advantaged user
1156,-33.416077,69.217476,advantaged user
1157,-18.898527,-5.915407,advantaged user
1158,-45.417572,-35.61514,advantaged user
1159,68.92733,2.5027938,advantaged user
1160,45.334282,45.957275,advantaged user
1161,67.80396,-20.58683,advantaged user
1162,74.5161,-1.6390873,advantaged user
1163,76.25658,28.818354,advantaged user
1164,56.643238,42.34468,advantaged user
1165,38.650223,55.00609,advantaged user
1166,60.23685,35.333683,advantaged user
1167,-28.800297,-29.71396,advantaged user
1168,-55.760357,25.674187,advantaged user
1169,-23.167448,-41.922962,advantaged user
1170,43.721127,47.317375,advantaged user
1171,37.993683,56.220226,advantaged user
1172,39.93406,53.873627,advantaged user
1173,39.40758,54.340862,advantaged user
1174,-33.58496,69.53677,advantaged user
1175,75.38586,14.576448,advantaged user
1176,84.504944,7.249302,advantaged user
1177,79.78689,5.474664,advantaged user
1178,40.589745,51.645054,advantaged user
1179,74.786575,25.557945,advantaged user
1180,-51.75405,-19.915775,advantaged user
1181,38.277668,-34.202385,advantaged user
1182,45.21975,45.29617,advantaged user
1183,43.317997,-33.545605,advantaged user
1184,41.141342,53.327305,advantaged user
1185,44.909504,-15.423158,advantaged user
1186,-18.507652,-29.148767,advantaged user
1187,-2.4238482,18.501482,advantaged user
1188,67.66387,4.047842,advantaged user
1189,59.982136,-28.742256,advantaged user
1190,-45.663776,-6.9945984,advantaged user
1191,-47.9565,8.630835,advantaged user
1192,66.068306,2.2841775,advantaged user
1193,40.325092,52.600742,advantaged user
1194,-50.954548,14.024076,advantaged user
1195,40.74815,52.382305,advantaged user
1196,40.138145,53.320915,advantaged user
1197,74.729126,15.484947,advantaged user
1198,-30.000643,-34.117706,advantaged user
1199,76.00144,7.7340903,advantaged user
1200,39.164253,53.99426,advantaged user
1201,44.31898,49.349586,advantaged user
1202,68.90774,24.643911,advantaged user
1203,40.17955,53.90058,advantaged user
1204,79.46932,20.735537,advantaged user
1205,77.03304,24.553326,advantaged user
1206,-0.8503599,13.551766,advantaged user
1207,-5.926102,-19.060472,advantaged user
1208,57.47637,-27.874569,advantaged user
1209,32.771805,-34.44321,advantaged user
1210,36.792973,-26.064068,advantaged user
1211,-26.04155,-9.756115,advantaged user
1212,44.831604,49.512714,advantaged user
1213,47.323997,45.237404,advantaged user
1214,49.792046,-33.303116,advantaged user
1215,73.09073,17.35059,advantaged user
1216,53.936844,-31.322432,advantaged user
1217,13.219991,-37.33399,advantaged user
1218,41.95406,51.295597,advantaged user
1219,47.831543,45.48374,advantaged user
1220,47.44082,45.53775,advantaged user
1221,-2.049007,-19.856985,advantaged user
1222,37.58881,-6.9614906,advantaged user
1223,59.708084,36.160934,advantaged user
1224,81.081375,16.426188,advantaged user
1225,-30.697248,35.575077,advantaged user
1226,-33.348293,68.9247,advantaged user
1227,40.658962,52.135597,advantaged user
1228,45.236095,47.86648,advantaged user
1229,-5.2254744,-61.90361,advantaged user
1230,12.679455,-16.806105,advantaged user
1231,68.11824,35.588894,advantaged user
1232,43.41154,48.401283,advantaged user
1233,40.023823,53.49526,advantaged user
1234,54.220573,38.78844,advantaged user
1235,37.700417,55.585968,advantaged user
1236,42.572212,51.057835,advantaged user
1237,39.862717,52.32486,advantaged user
1238,54.38239,-28.187841,advantaged user
1239,84.33928,7.239483,advantaged user
1240,68.90177,20.005308,advantaged user
1241,6.504771,-39.70478,advantaged user
1242,68.256195,5.597431,advantaged user
1243,69.5688,28.305712,advantaged user
1244,38.502953,-33.787785,advantaged user
1245,66.97338,22.632229,advantaged user
1246,67.22424,34.50142,advantaged user
1247,49.1906,43.18514,advantaged user
1248,-18.17649,-40.245586,advantaged user
1249,72.06286,20.897873,advantaged user
1250,-12.341403,-6.3940735,advantaged user
1251,81.25802,3.2873538,advantaged user
1252,-45.032524,36.544014,advantaged user
1253,11.638719,-22.894075,advantaged user
1254,68.22651,33.35846,advantaged user
1255,13.236626,17.494465,advantaged user
1256,35.654102,-28.454353,advantaged user
1257,85.282036,14.579967,advantaged user
1258,-57.77804,-1.7353541,advantaged user
1259,32.469257,-28.30042,advantaged user
1260,64.72198,32.60573,advantaged user
1261,-15.499115,-20.363821,advantaged user
1262,46.813663,47.067818,advantaged user
1263,39.94147,53.123158,advantaged user
1264,41.594864,51.037014,advantaged user
1265,-54.17875,36.280426,advantaged user
1266,45.663204,48.165436,advantaged user
1267,62.233685,-20.476408,advantaged user
1268,36.81056,-33.091297,advantaged user
1269,68.15031,34.59069,advantaged user
1270,40.453693,52.169365,advantaged user
1271,45.380848,48.95704,advantaged user
1272,43.62761,50.669018,advantaged user
1273,38.760567,55.099266,advantaged user
1274,44.343906,48.961826,advantaged user
1275,43.546528,50.21272,advantaged user
1276,42.279747,49.743416,advantaged user
1277,-33.432728,69.206245,advantaged user
1278,22.571323,-1.6357107,advantaged user
1279,69.1611,3.4034867,advantaged user
1280,11.1642885,-37.971256,advantaged user
1281,61.01011,-23.90928,advantaged user
1282,47.20204,48.75217,advantaged user
1283,46.500916,-35.964714,advantaged user
1284,34.99884,-37.281708,advantaged user
1285,-47.203983,-29.17164,advantaged user
1286,39.94143,57.22816,advantaged user
1287,39.454414,57.85214,advantaged user
1288,-1.6069539,-57.455547,advantaged user
1289,-56.401623,-20.710258,advantaged user
1290,35.609097,56.67415,advantaged user
1291,38.315033,51.7451,advantaged user
1292,36.97944,56.518867,advantaged user
1293,-28.436905,-7.803977,advantaged user
1294,63.58139,26.696852,advantaged user
1295,38.295635,51.377407,advantaged user
1296,40.53427,50.606976,advantaged user
1297,-47.414986,15.346435,advantaged user
1298,36.070347,54.814217,advantaged user
1299,-30.54633,-26.76999,advantaged user
1300,-3.8752322,27.470388,advantaged user
1301,-26.507072,-9.735783,advantaged user
1302,-4.850965,-22.060932,advantaged user
1303,40.42683,57.119606,advantaged user
1304,38.357132,56.37058,advantaged user
1305,37.326767,57.100166,advantaged user
1306,37.88409,57.029568,advantaged user
1307,35.62069,58.28618,advantaged user
1308,38.752804,57.876266,advantaged user
1309,37.598816,56.965107,advantaged user
1310,-33.595253,69.54125,advantaged user
1311,-33.552868,69.403404,advantaged user
1312,54.583256,-18.272617,advantaged user
1313,-28.135813,-24.072443,advantaged user
1314,-35.963837,8.300512,advantaged user
1315,-54.93242,-25.004522,advantaged user
1316,-37.81648,6.4530287,advantaged user
1317,54.708122,-2.8910873,advantaged user
